{"cameraMode":{"drawMode":0,"name":"Shaded","section":"Shading Mode"},"sceneLighting":false,"audioPlay":false,"sceneViewState":{"m_AlwaysRefresh":false,"showFog":true,"showSkybox":false,"showFlares":true,"showImageEffects":true,"showParticleSystems":true,"showVisualEffectGraphs":true,"m_FxEnabled":true},"in2DMode":false,"pivot":{"x":1.4990652799606324,"y":1.0516003370285035,"z":3.4600000381469728},"rotation":{"x":-0.16830427944660188,"y":-0.6906449794769287,"z":0.17033781111240388,"w":-0.6824008226394653},"size":1.3481496572494507,"orthographic":false}